<?xml version="1.0" encoding="UTF-8"?>
<project version="4">
  <component name="MPSProject">
    <projectModules>
      <modulePath path="$PROJECT_DIR$/languages/ActOne/ActOne.mpl" folder="" />
      <modulePath path="$PROJECT_DIR$/solutions/ActOne.build/ActOne.build.msd" folder="" />
      <modulePath path="$PROJECT_DIR$/solutions/ActOne.external/ActOne.external.msd" folder="" />
      <modulePath path="$PROJECT_DIR$/solutions/ActOne.runtime/ActOne.runtime.msd" folder="" />
      <modulePath path="$PROJECT_DIR$/solutions/Neighbours/Neighbours.msd" folder="" />
      <modulePath path="$PROJECT_DIR$/solutions/Sandbox/Sandbox.msd" folder="" />
    </projectModules>
  </component>
</project>