<?xml version="1.0" encoding="UTF-8"?>
<project version="4">
  <component name="BookmarksTool">
    <option name="myTreeState">
      <TreeState />
    </option>
  </component>
  <component name="ChangeListManager">
    <list default="true" id="d95aa0b2-4e35-480e-82b7-dce4b83df102" name="Default Changelist" comment="">
      <change beforePath="$PROJECT_DIR$/.mps/vcs.xml" beforeDir="false" afterPath="$PROJECT_DIR$/.mps/vcs.xml" afterDir="false" />
      <change beforePath="$PROJECT_DIR$/languages/ActOne/models/structure.mps" beforeDir="false" afterPath="$PROJECT_DIR$/languages/ActOne/models/structure.mps" afterDir="false" />
      <change beforePath="$PROJECT_DIR$/solutions/Neighbours/Neighbours.msd" beforeDir="false" afterPath="$PROJECT_DIR$/solutions/Neighbours/Neighbours.msd" afterDir="false" />
      <change beforePath="$PROJECT_DIR$/solutions/Neighbours/models/Neighbours.mps" beforeDir="false" afterPath="$PROJECT_DIR$/solutions/Neighbours/models/Neighbours.mps" afterDir="false" />
      <change beforePath="$PROJECT_DIR$/solutions/Sandbox/Sandbox.msd" beforeDir="false" afterPath="$PROJECT_DIR$/solutions/Sandbox/Sandbox.msd" afterDir="false" />
      <change beforePath="$PROJECT_DIR$/solutions/Sandbox/models/Hello@tests.mps" beforeDir="false" />
    </list>
    <option name="EXCLUDED_CONVERTED_TO_IGNORED" value="true" />
    <option name="SHOW_DIALOG" value="false" />
    <option name="HIGHLIGHT_CONFLICTS" value="true" />
    <option name="HIGHLIGHT_NON_ACTIVE_CHANGELIST" value="false" />
    <option name="LAST_RESOLUTION" value="IGNORE" />
  </component>
  <component name="ConsoleHistory">
    <option name="tabs">
      <list>
        <TabState>
          <option name="title" value="Console" />
          <tab>
            <model ref="02d2832e-4db5-43a6-9684-0406b094e730/r:1bfd4582-6172-4fca-ade0-98609ad7bb38(TempModule02d2832e-4db5-43a6-9684-0406b094e730/ConsoleModel_1229904786549200)">
              <persistence version="9" />
              <languages>
                <devkit ref="70d3d6da-af63-483d-a75f-9c8acf8de332(jetbrains.mps.console.devkit)" />
              </languages>
              <imports />
              <registry>
                <language id="de1ad86d-6e50-4a02-b306-d4d17f64c375" name="jetbrains.mps.console.base">
                  <concept id="1583916890557930028" name="jetbrains.mps.console.base.structure.ConsoleRoot" flags="ng" index="aymSD">
                    <child id="1583916890557930415" name="history" index="aymYE" />
                    <child id="1583916890557930417" name="commandHolder" index="aymYO" />
                    <child id="9025248442620242919" name="cursor" index="1PhJh3" />
                  </concept>
                  <concept id="5758176878586720817" name="jetbrains.mps.console.base.structure.CommandHolderRef" flags="ng" index="2_V_lH">
                    <reference id="5758176878586720818" name="target" index="2_V_lI" />
                  </concept>
                  <concept id="351968380916615243" name="jetbrains.mps.console.base.structure.CommandHolder" flags="ng" index="2Clz$F" />
                  <concept id="757553790980850366" name="jetbrains.mps.console.base.structure.History" flags="ng" index="3balQm" />
                </language>
              </registry>
              <node concept="aymSD" id="6cgXSe0TCJz">
                <node concept="3balQm" id="6cgXSe0TCJ$" role="aymYE" />
                <node concept="2Clz$F" id="6cgXSe0TCJ_" role="aymYO" />
                <node concept="2_V_lH" id="6cgXSe0TCJA" role="1PhJh3">
                  <ref role="2_V_lI" node="6cgXSe0TCJ_" resolve="CommandHolder" />
                </node>
              </node>
            </model>
          </tab>
        </TabState>
      </list>
    </option>
  </component>
  <component name="DefaultSearchOptions3">
    <search_options>
      <finders>
        <finders />
      </finders>
      <scope>
        <scope_type scope_type="PROJECT" module="&lt;default&gt;" model="&lt;default&gt;" />
      </scope>
      <view>
        <flags show_one_result="true" new_tab="false" />
      </view>
    </search_options>
  </component>
  <component name="Git.Settings">
    <option name="RECENT_GIT_ROOT_PATH" value="$PROJECT_DIR$" />
  </component>
  <component name="MPSBookmarkManager">
    <option name="myBookmarkInfos">
      <array>
        <BookmarkInfo />
        <BookmarkInfo />
        <BookmarkInfo />
        <BookmarkInfo />
        <BookmarkInfo />
        <BookmarkInfo />
        <BookmarkInfo />
        <BookmarkInfo />
        <BookmarkInfo />
        <BookmarkInfo />
      </array>
    </option>
  </component>
  <component name="MessagesViewTool">
    <option name="defaultListState">
      <MessageListState>
        <option name="autoscrollToSource" value="true" />
        <option name="info" value="true" />
        <option name="warnings" value="true" />
      </MessageListState>
    </option>
  </component>
  <component name="ProjectId" id="1RKNj8rxaWygKoLHXvqv77huv2o" />
  <component name="ProjectLevelVcsManager" settingsEditedManually="true" />
  <component name="ProjectPluginManager">
    <option name="pluginsState">
      <option name="jetbrains.mps.baseLanguage.lightweightdsl.pluginSolution.plugin.PluginSolution_ProjectPlugin">
        <value>
          <PluginState />
        </value>
      </option>
      <option name="jetbrains.mps.editor.contextActionsTool.pluginSolution.plugin.PluginSolution_ProjectPlugin">
        <value>
          <PluginState />
        </value>
      </option>
      <option name="jetbrains.mps.execution.configurations.implementation.plugin.plugin.Plugin_ProjectPlugin">
        <value>
          <PluginState />
        </value>
      </option>
      <option name="jetbrains.mps.execution.configurations.pluginSolution.plugin.PluginSolution_ProjectPlugin">
        <value>
          <PluginState />
        </value>
      </option>
      <option name="jetbrains.mps.ide.actions.Ide_ProjectPlugin">
        <value>
          <PluginState>
            <option name="myComponentsState">
              <list>
                <ComponentState>
                  <option name="first" value="jetbrains.mps.ide.actions.BehaviorDialogsPersistentOptions_PreferencesComponent" />
                  <params>
                    <option name="addReturnsOnImplement" value="false" />
                    <option name="sortAlphabetically" value="false" />
                    <option name="removeAttributes" value="true" />
                  </params>
                </ComponentState>
              </list>
            </option>
          </PluginState>
        </value>
      </option>
      <option name="jetbrains.mps.ide.devkit.actions.Mpsdevkit_ProjectPlugin">
        <value>
          <PluginState />
        </value>
      </option>
      <option name="jetbrains.mps.ide.make.actions.Make_ProjectPlugin">
        <value>
          <PluginState />
        </value>
      </option>
      <option name="jetbrains.mps.vcs.mergehints.plugin.plugin.Plugin_ProjectPlugin">
        <value>
          <PluginState />
        </value>
      </option>
    </option>
  </component>
  <component name="ProjectView">
    <navigator proportions="" version="1">
      <foldersAlwaysOnTop value="true" />
    </navigator>
    <panes>
      <pane id="FileSystem" />
      <pane id="ProjectPane">
        <subPane>
          <PATH>
            <PATH_ELEMENT>
              <option name="myItemId" value="Project" />
              <option name="myItemType" value="" />
            </PATH_ELEMENT>
            <PATH_ELEMENT>
              <option name="myItemId" value="0741b3d7-e393-4364-a5ae-e797083d6ff7" />
              <option name="myItemType" value="" />
            </PATH_ELEMENT>
            <PATH_ELEMENT>
              <option name="myItemId" value="r:f48a3a68-fad6-4b73-bb5a-55386d289794(Neighbours) in IdeaFile[file://C:/Users/Mads/ActOne/actone/solutions/Neighbours/models/Neighbours.mps]" />
              <option name="myItemType" value="" />
            </PATH_ELEMENT>
          </PATH>
          <PATH>
            <PATH_ELEMENT>
              <option name="myItemId" value="Project" />
              <option name="myItemType" value="" />
            </PATH_ELEMENT>
            <PATH_ELEMENT>
              <option name="myItemId" value="c5b41663-5324-4d5a-9783-861b19a601a7" />
              <option name="myItemType" value="" />
            </PATH_ELEMENT>
            <PATH_ELEMENT>
              <option name="myItemId" value="Sandbox" />
              <option name="myItemType" value="" />
            </PATH_ELEMENT>
          </PATH>
          <PATH>
            <PATH_ELEMENT>
              <option name="myItemId" value="Project" />
              <option name="myItemType" value="" />
            </PATH_ELEMENT>
            <PATH_ELEMENT>
              <option name="myItemId" value="c5b41663-5324-4d5a-9783-861b19a601a7" />
              <option name="myItemType" value="" />
            </PATH_ELEMENT>
          </PATH>
          <PATH>
            <PATH_ELEMENT>
              <option name="myItemId" value="Project" />
              <option name="myItemType" value="" />
            </PATH_ELEMENT>
            <PATH_ELEMENT>
              <option name="myItemId" value="0741b3d7-e393-4364-a5ae-e797083d6ff7" />
              <option name="myItemType" value="" />
            </PATH_ELEMENT>
          </PATH>
          <PATH>
            <PATH_ELEMENT>
              <option name="myItemId" value="Project" />
              <option name="myItemType" value="" />
            </PATH_ELEMENT>
          </PATH>
          <PATH>
            <PATH_ELEMENT>
              <option name="myItemId" value="Project" />
              <option name="myItemType" value="" />
            </PATH_ELEMENT>
            <PATH_ELEMENT>
              <option name="myItemId" value="c5b41663-5324-4d5a-9783-861b19a601a7" />
              <option name="myItemType" value="" />
            </PATH_ELEMENT>
            <PATH_ELEMENT>
              <option name="myItemId" value="Sandbox" />
              <option name="myItemType" value="" />
            </PATH_ELEMENT>
            <PATH_ELEMENT>
              <option name="myItemId" value="r:22cfe6bf-7645-45b4-a716-46acc68b5d79(Sandbox.Examples) in IdeaFile[file://C:/Users/Mads/ActOne/actone/solutions/Sandbox/models/Examples.mps]" />
              <option name="myItemType" value="" />
            </PATH_ELEMENT>
          </PATH>
          <SELECTED>
            <PATH_ELEMENT>
              <option name="myItemId" value="Project" />
              <option name="myItemType" value="" />
            </PATH_ELEMENT>
            <PATH_ELEMENT>
              <option name="myItemId" value="c5b41663-5324-4d5a-9783-861b19a601a7" />
              <option name="myItemType" value="" />
            </PATH_ELEMENT>
            <PATH_ELEMENT>
              <option name="myItemId" value="Sandbox" />
              <option name="myItemType" value="" />
            </PATH_ELEMENT>
            <PATH_ELEMENT>
              <option name="myItemId" value="r:22cfe6bf-7645-45b4-a716-46acc68b5d79(Sandbox.Examples) in IdeaFile[file://C:/Users/Mads/ActOne/actone/solutions/Sandbox/models/Examples.mps]" />
              <option name="myItemType" value="" />
            </PATH_ELEMENT>
            <PATH_ELEMENT>
              <option name="myItemId" value="5944539236837792196" />
              <option name="myItemType" value="" />
            </PATH_ELEMENT>
          </SELECTED>
        </subPane>
      </pane>
      <pane id="Favorites" />
    </panes>
  </component>
  <component name="PropertiesComponent">
    <property name="last_opened_file_path" value="$PROJECT_DIR$" />
    <property name="settings.editor.selected.configurable" value="preferences.lookFeel" />
  </component>
  <component name="RunDashboard">
    <option name="ruleStates">
      <list>
        <RuleState>
          <option name="name" value="ConfigurationTypeDashboardGroupingRule" />
        </RuleState>
        <RuleState>
          <option name="name" value="StatusDashboardGroupingRule" />
        </RuleState>
      </list>
    </option>
  </component>
  <component name="RunManager" selected="Java Application.Node NEIGHBOUR">
    <configuration name="Tests in 'ActOne'" type="JUnit Tests" factoryName="JUnit Tests" temporary="true">
      <myJUnitSettings>
        <MyState>
          <option name="myModelRef" />
          <option name="myModuleRef" value="b4fcd96f-fa06-46a4-9520-beaeb32aa9a1(ActOne)" />
          <option name="myInProcess" value="false" />
          <option name="myReuseCaches" value="true" />
          <option name="myOverrideCachesLocation" value="false" />
          <option name="myDebug" value="false" />
          <option name="myCachesPath" value="C:\Users\Mads\.MPSJUnitRC\config0" />
          <option name="myTestCases">
            <list />
          </option>
          <option name="myTestMethods">
            <list />
          </option>
          <option name="myRunType" value="1" />
        </MyState>
      </myJUnitSettings>
      <myJavaRunParameters>
        <MyState>
          <option name="myJavaParameters">
            <JavaRunParameters>
              <option name="jrePath" />
              <option name="programParameters" />
              <option name="useAlternativeJre" value="false" />
              <option name="vmOptions" />
              <option name="workingDirectory" value="C:\Users\Mads\AppData\Local\JetBrains\Toolbox\apps\MPS\ch-0\192.2321\bin" />
            </JavaRunParameters>
          </option>
        </MyState>
      </myJavaRunParameters>
      <myDeploySettings>
        <MyState>
          <option name="myPluginsToDeploy">
            <list />
          </option>
        </MyState>
      </myDeploySettings>
      <method v="2">
        <option name="jetbrains.mps.execution.configurations.pluginSolution.plugin.MakeNodePointers_BeforeTask" enabled="true" />
        <option name="jetbrains.mps.execution.configurations.implementation.plugin.plugin.AssemblePluginsBeforeTask_BeforeTask" enabled="true" />
      </method>
    </configuration>
    <configuration name="Node BATTLESHIP" type="Java Application" factoryName="Java" temporary="true">
      <myNode>
        <MyState>
          <option name="myNodePointer" value="r:22cfe6bf-7645-45b4-a716-46acc68b5d79(Sandbox.Examples)/5944539236837792196" />
          <option name="myNodeText" value="Sandbox.Examples.BATTLESHIP" />
        </MyState>
      </myNode>
      <myRunParameters>
        <MyState>
          <option name="myJavaParameters">
            <JavaRunParameters>
              <option name="jrePath" />
              <option name="programParameters" />
              <option name="useAlternativeJre" value="false" />
              <option name="vmOptions" />
              <option name="workingDirectory" value="C:\Users\Mads\AppData\Local\JetBrains\Toolbox\apps\MPS\ch-0\192.2321\bin" />
            </JavaRunParameters>
          </option>
        </MyState>
      </myRunParameters>
      <method v="2">
        <option name="jetbrains.mps.execution.configurations.pluginSolution.plugin.MakeNodePointers_BeforeTask" enabled="true" />
      </method>
    </configuration>
    <configuration name="Node NATURAL" type="Java Application" factoryName="Java" temporary="true">
      <myNode>
        <MyState>
          <option name="myNodePointer" value="r:22cfe6bf-7645-45b4-a716-46acc68b5d79(Sandbox.Examples)/7753472359505887590" />
          <option name="myNodeText" value="Sandbox.Examples.NATURAL" />
        </MyState>
      </myNode>
      <myRunParameters>
        <MyState>
          <option name="myJavaParameters">
            <JavaRunParameters>
              <option name="jrePath" />
              <option name="programParameters" />
              <option name="useAlternativeJre" value="false" />
              <option name="vmOptions" />
              <option name="workingDirectory" value="C:\Users\Mads\AppData\Local\JetBrains\Toolbox\apps\MPS\ch-0\192.2321\bin" />
            </JavaRunParameters>
          </option>
        </MyState>
      </myRunParameters>
      <method v="2">
        <option name="jetbrains.mps.execution.configurations.pluginSolution.plugin.MakeNodePointers_BeforeTask" enabled="true" />
      </method>
    </configuration>
    <configuration name="Node NEIGHBOUR" type="Java Application" factoryName="Java" temporary="true">
      <myNode>
        <MyState>
          <option name="myNodePointer" value="r:f48a3a68-fad6-4b73-bb5a-55386d289794(Neighbours)/9198253630187935804" />
          <option name="myNodeText" value="Neighbours.NEIGHBOUR" />
        </MyState>
      </myNode>
      <myRunParameters>
        <MyState>
          <option name="myJavaParameters">
            <JavaRunParameters>
              <option name="jrePath" />
              <option name="programParameters" />
              <option name="useAlternativeJre" value="false" />
              <option name="vmOptions" />
              <option name="workingDirectory" value="C:\Users\Mads\AppData\Local\JetBrains\Toolbox\apps\MPS\ch-0\192.2321\bin" />
            </JavaRunParameters>
          </option>
        </MyState>
      </myRunParameters>
      <method v="2">
        <option name="jetbrains.mps.execution.configurations.pluginSolution.plugin.MakeNodePointers_BeforeTask" enabled="true" />
      </method>
    </configuration>
    <configuration name="Node STACK" type="Java Application" factoryName="Java" temporary="true">
      <myNode>
        <MyState>
          <option name="myNodePointer" value="r:22cfe6bf-7645-45b4-a716-46acc68b5d79(Sandbox.Examples)/802883821841915265" />
          <option name="myNodeText" value="Sandbox.Examples.STACK" />
        </MyState>
      </myNode>
      <myRunParameters>
        <MyState>
          <option name="myJavaParameters">
            <JavaRunParameters>
              <option name="jrePath" />
              <option name="programParameters" />
              <option name="useAlternativeJre" value="false" />
              <option name="vmOptions" />
              <option name="workingDirectory" value="C:\Users\Mads\AppData\Local\JetBrains\Toolbox\apps\MPS\ch-0\192.2321\bin" />
            </JavaRunParameters>
          </option>
        </MyState>
      </myRunParameters>
      <method v="2">
        <option name="jetbrains.mps.execution.configurations.pluginSolution.plugin.MakeNodePointers_BeforeTask" enabled="true" />
      </method>
    </configuration>
    <recent_temporary>
      <list>
        <item itemvalue="Java Application.Node NEIGHBOUR" />
        <item itemvalue="Java Application.Node STACK" />
        <item itemvalue="Java Application.Node NATURAL" />
        <item itemvalue="Java Application.Node BATTLESHIP" />
        <item itemvalue="JUnit Tests.Tests in 'ActOne'" />
      </list>
    </recent_temporary>
  </component>
  <component name="SvnConfiguration">
    <configuration />
  </component>
  <component name="UsagesViewTool">
    <version id="1" />
    <tabs />
    <default_view_options>
      <options category_option="false" module_option="true" model_option="true" root_option="true" path_option="false" count_option="true" info_option="true" view_searched_nodes_option="true" group_searched_nodes_option="true" autoscroll_option="false" />
    </default_view_options>
  </component>
  <component name="Vcs.Log.Tabs.Properties">
    <option name="TAB_STATES">
      <map>
        <entry key="MAIN">
          <value>
            <State>
              <option name="COLUMN_ORDER" />
            </State>
          </value>
        </entry>
      </map>
    </option>
  </component>
  <component name="mpsMakeService">
    <option name="makeInBackground" value="true" />
  </component>
</project>